Feature,Importance
Fertilizer_Usage_kg,0.17531667594164632
Soil_Moisture,0.16842926431911523
Soil_pH,0.1657735249035733
Rainfall_mm,0.15974844474780583
Temperature_C,0.14963188154102502
Pesticide_Usage_kg,0.14851810418167277
Crop_Type_Soybean,0.011339181920160459
Crop_Type_Wheat,0.011253328255014456
Crop_Type_Rice,0.009989594189986526
